family,budget,policy,parameter,mean_cost,disagreement,precision,recall,f1
LR,0.0005,confidence,0.0005,3.957217,0.000667,0.583333,0.653333,0.616352
LR,0.0005,maturity,0.2,2.094993,0.000211,0.787879,0.693333,0.737589
LR,0.001,confidence,0.002,3.847635,0.000983,0.509615,0.706667,0.592179
LR,0.001,maturity,0.2,2.094993,0.000211,0.787879,0.693333,0.737589
LR,0.0025,confidence,0.2,1.224817,0.001282,0.400000,0.506667,0.447059
LR,0.0025,maturity,0.2,2.094993,0.000211,0.787879,0.693333,0.737589
HGB,0.0005,confidence,0.05,1.152769,0.000386,0.720000,0.720000,0.720000
HGB,0.0005,maturity,0.2,2.034356,0.000105,0.881356,0.693333,0.776119
HGB,0.001,confidence,0.2,1.043327,0.000772,0.633803,0.600000,0.616438
HGB,0.001,maturity,0.2,2.034356,0.000105,0.881356,0.693333,0.776119
HGB,0.0025,confidence,0.2,1.043327,0.000772,0.633803,0.600000,0.616438
HGB,0.0025,maturity,0.2,2.034356,0.000105,0.881356,0.693333,0.776119
